---
sidebarDepth: 3
sidebar: auto
prev:
  text: Back To 目录
  link: /MySQL/
typora-root-url: ..\.vuepress\public
---



::: tip

本章实战数据来源，参考：[王者荣耀数据](https://q10viking.github.io/MySQL/31%20SQL%E5%87%BD%E6%95%B0.html#%E6%B5%8B%E8%AF%95%E6%95%B0%E6%8D%AE)

:::





## SELECT 查询的基础语法

### 查询列

> 对数据表中的某一列进行检索，在 SELECT 后面加上这个列的字段名即可

比如我们想要检索数据表中都有哪些英雄

```sql
mysql> SELECT name FROM heros;
+--------------+
| name         |
+--------------+
| 夏侯惇       |
| 钟无艳       |
| 张飞         |
| 牛魔         |
| 吕布         |
...
| 哪吒         |
| 阿轲         |
| 娜可露露     |
| 兰陵王       |
| 铠           |
| 百里守约     |
+--------------+
```

#### 查询多列

对多个列进行检索，在列名之间用逗号 (,) 分割即可

检索有哪些英雄，他们的最大生命、最大法力、最大物攻和最大物防分别是多少

```sql
mysql> SELECT name, hp_max, mp_max, attack_max, defense_max FROM heros;
+--------------+--------+--------+------------+-------------+
| name         | hp_max | mp_max | attack_max | defense_max |
+--------------+--------+--------+------------+-------------+
| 夏侯惇       |   7350 |   1746 |        321 |         397 |
| 钟无艳       |   7000 |   1760 |        318 |         409 |
| 张飞         |   8341 |    100 |        301 |         504 |
| 牛魔         |   8476 |   1926 |        273 |         394 |
| 吕布         |   7344 |      0 |        343 |         390 |
...
| 哪吒         |   7268 |   1808 |        320 |         408 |
| 阿轲         |   5968 |      0 |        427 |         349 |
| 娜可露露     |   6205 |   1808 |        385 |         359 |
| 兰陵王       |   6232 |   1822 |        388 |         342 |
| 铠           |   6700 |   1784 |        328 |         388 |
| 百里守约     |   5611 |   1784 |        410 |         329 |
+--------------+--------+--------+------------+-------------+
```



### 别名

```sql
mysql> SELECT name AS hero_name FROM heros;
+--------------+
| hero_name    |
+--------------+
| 夏侯惇       |
| 钟无艳       |
| 张飞         |
| 牛魔         |
| 吕布         |
...
| 哪吒         |
| 阿轲         |
| 娜可露露     |
| 兰陵王       |
| 铠           |
| 百里守约     |
+--------------+
```

### 查询常数

- 在 SELECT 查询结果中增加一列固定的常数列。这列的取值是我们指定的，而不是从数据表中动态取出的
- 如果我们想整合不同的数据源，**用常数列作为这个表的标记**，就需要查询常数

```sql
mysql> SELECT '王者荣耀' as platform, name FROM heros;
+--------------+--------------+
| platform     | name         |
+--------------+--------------+
| 王者荣耀     | 夏侯惇       |
| 王者荣耀     | 钟无艳       |
| 王者荣耀     | 张飞         |
| 王者荣耀     | 牛魔         |
| 王者荣耀     | 吕布         |
...
| 王者荣耀     | 哪吒         |
| 王者荣耀     | 阿轲         |
| 王者荣耀     | 娜可露露     |
| 王者荣耀     | 兰陵王       |
| 王者荣耀     | 铠           |
| 王者荣耀     | 百里守约     |
+--------------+--------------+
```

需要说明的是，如果常数是个字符串，那么使用单引号`‘王者荣耀’`就非常重要了，比如‘王者荣耀’。单引号说明引号中的字符串是个常数，否则 SQL 会把王者荣耀当成列名进行查询，但实际上数据表里没有这个列名，就会引起错误。

如果常数是个数字，就可以直接写数字，不需要单引号

```sql
SELECT 123 AS platform, name FROM heros;
```

### 去除重复行👍

关于单个表的 SELECT 查询，还有一个非常实用的操作，就是从结果中去掉重复的行。使用的关键字是 DISTINCT

比如我们想要看下 heros 表中关于攻击范围的取值都有哪些

```sql
mysql> SELECT DISTINCT attack_range FROM heros;
+--------------+
| attack_range |
+--------------+
| 近战         |
| 远程         |
+--------------+
```

如果我们带上英雄名称，会是怎样呢：

```sql
mysql> SELECT DISTINCT attack_range, name FROM heros;
+--------------+--------------+
| attack_range | name         |
+--------------+--------------+
| 近战         | 夏侯惇       |
| 近战         | 钟无艳       |
| 近战         | 张飞         |
| 近战         | 牛魔         |
| 近战         | 吕布         |
...
| 近战         | 哪吒         |
| 近战         | 阿轲         |
| 近战         | 娜可露露     |
| 近战         | 兰陵王       |
| 近战         | 铠           |
| 远程         | 百里守约     |
+--------------+--------------+
```

这里有两点需要注意：

1. DISTINCT 需要**放到所有列名的前面**，如果写成`SELECT name, DISTINCT attack_range FROM heros`会报错。
2. DISTINCT 其实是对后面所有列名的组合进行去重，你能看到最后的结果是 69 条，因为这 69 个英雄名称不同，都有攻击范围（attack_range）这个属性值。如果你想要看都有哪些不同的攻击范围（attack_range），只需要写`DISTINCT attack_range`即可，后面不需要再加其他的列名了。

### 排序检索数据😘

1. 排序的列名：ORDER BY 后面**可以有一个或多个列名**，如果是多个列名进行排序，会按照后面第一个列先进行排序，当第一列的值相同的时候，再按照第二列进行排序，以此类推。
2. 排序的顺序：ORDER BY 后面可以注明排序规则，ASC 代表递增排序，DESC 代表递减排序。如果没有注明排序规则，默认情况下是按照 ASC 递增排序。我们很容易理解 ORDER BY 对数值类型字段的排序规则，但如果排序字段类型为文本数据，就需要参考数据库的设置方式了，这样才能判断 A 是在 B 之前，还是在 B 之后。比如使用 MySQL 在创建字段的时候设置为 BINARY 属性，就代表区分大小写。
3. **非选择列排序**：ORDER BY 可以使用非选择列进行排序，所以即使在 SELECT 后面没有这个列名，你同样可以放到 ORDER BY 后面进行排序。
4. ORDER BY 的位置：ORDER BY 通常位于 SELECT 语句的最后一条子句，否则会报错。



显示英雄名称及最大生命值，按照最大生命值从高到低的方式进行排序

```sql
mysql> SELECT name, hp_max FROM heros ORDER BY hp_max DESC;
+--------------+--------+
| name         | hp_max |
+--------------+--------+
| 廉颇         |   9328 |
| 白起         |   8638 |
| 程咬金       |   8611 |
...
| 姜子牙       |   5399 |
| 花木兰       |   5397 |
| 武则天       |   5037 |
+--------------+--------+
```

显示英雄名称及最大生命值，按照第一排序最大法力从低到高，当最大法力值相等的时候则按照第二排序进行，即最大生命值从高到低的方式进行排序

```sql
SELECT name, hp_max FROM heros ORDER BY mp_max ASC, hp_max DESC;
# 由于ASC是默认的，可以省略
SELECT name, hp_max FROM heros ORDER BY mp_max, hp_max DESC;
```



### 约束返回结果的数量❤️

可以约束返回结果的数量，使用 LIMIT 关键字。

返回英雄名称及最大生命值，按照最大生命值从高到低排序，返回 5 条记录即可

```sql
# 可以看到不必依赖order by
mysql> SELECT name, hp_max FROM heros LIMIT 5;
+-----------+--------+
| name      | hp_max |
+-----------+--------+
| 夏侯惇    |   7350 |
| 钟无艳    |   7000 |
| 张飞      |   8341 |
| 牛魔      |   8476 |
| 吕布      |   7344 |
+-----------+--------+
5 rows in set (0.01 sec)

mysql> SELECT name, hp_max FROM heros ORDER BY hp_max DESC LIMIT 5;
+-----------+--------+
| name      | hp_max |
+-----------+--------+
| 廉颇      |   9328 |
| 白起      |   8638 |
| 程咬金    |   8611 |
| 刘禅      |   8581 |
| 牛魔      |   8476 |
+-----------+--------+
```



### SELECT 的执行顺序💕

1. 关键字的顺序是不能颠倒的：

```sql
SELECT ... FROM ... WHERE ... GROUP BY ... HAVING ... ORDER BY ...
```

2. SELECT 语句的执行顺序（在 MySQL 和 Oracle 中，SELECT 执行顺序基本相同）：

```sql
FROM > WHERE > GROUP BY > HAVING > SELECT 的字段 > DISTINCT > ORDER BY > LIMIT
```

比如你写了一个 SQL 语句，那么它的关键字顺序和执行顺序是下面这样的：

```sql
SELECT DISTINCT player_id, player_name, count(*) as num # 顺序 5
FROM player JOIN team ON player.team_id = team.team_id # 顺序 1
WHERE height > 1.80 # 顺序 2
GROUP BY player.team_id # 顺序 3
HAVING num > 2 # 顺序 4
ORDER BY num DESC # 顺序 6
LIMIT 2 # 顺序 7
```

在 SELECT 语句执行这些步骤的时候，每个步骤都会产生一个虚拟表，然后将这个虚拟表传入下一个步骤中作为输入。需要注意的是，这些步骤隐含在 SQL 的执行过程中，对于我们来说是不可见的



## 数据过滤

### 比较运算符

![image-20230511121342600](/images/MySQL/image-20230511121342600.png)



> 比如我们想要查询所有最大生命值大于 6000 的英雄：

```sql
SELECT name, hp_max FROM heros WHERE hp_max > 6000
# where 中列明可以不在查询列表中
SELECT name FROM heros WHERE hp_max > 6000;
```

> 查询所有最大生命值在 5399 到 6811 之间的英雄：`BETWEEN ... AND`是闭区间 `[5399,6811]`

```sql
mysql> SELECT name, hp_max FROM heros WHERE hp_max BETWEEN 5399 AND 6811;
+--------------+--------+
| name         | hp_max |
+--------------+--------+
| 芈月         |   6164 |
...
| 姜子牙       |   5399 |
...
| 孙膑         |   6811 |
...
| 百里守约     |   5611 |
+--------------+--------+

```

> 也可以对 heros 表中的`hp_max`字段进行空值检查

```sql
SELECT name, hp_max FROM heros WHERE hp_max IS NULL;
```

### 逻辑运算符

存在多个 WHERE 条件子句，可以使用逻辑运算符：

![image-20230511122116647](/images/MySQL/image-20230511122116647.png)

> 筛选最大生命值大于 6000，最大法力大于 1700 的英雄，然后按照最大生命值和最大法力值之和从高到低进行排序

```sql
mysql> SELECT name, hp_max, mp_max FROM heros WHERE hp_max > 6000 AND mp_max > 1700 ORDER BY (hp_max+mp_max) DESC;
+--------------+--------+--------+
| name         | hp_max | mp_max |
+--------------+--------+--------+
| 廉颇         |   9328 |   1708 |
| 牛魔         |   8476 |   1926 |
| 刘邦         |   8073 |   1940 |
...
| 娜可露露     |   6205 |   1808 |
| 雅典娜       |   6264 |   1732 |
| 孙尚香       |   6014 |   1756 |
+--------------+--------+--------+
23 rows in set (0.00 sec)
```

> 如果 AND 和 OR 同时存在 WHERE 子句中会是怎样的呢？假设我们想要查询最大生命值加最大法力值大于 8000 的英雄，或者最大生命值大于 6000 并且最大法力值大于 1700 的英雄

```sql
mysql> SELECT name, hp_max, mp_max FROM heros WHERE (hp_max+mp_max) > 8000 OR hp_max > 6000 AND mp_max > 1700 ORDER BY (hp_max+mp_max) DESC;
+--------------+--------+--------+
| name         | hp_max | mp_max |
+--------------+--------+--------+
...
| 程咬金       |   8611 |      0 |
...
| 钟馗         |   6280 |   1988 |
...
+--------------+--------+--------+
33 rows in set (0.00 sec)
```

如果我们对这条查询语句 OR 两边的条件增加一个括号，结果会是怎样的呢?

```sql
mysql> SELECT name, hp_max, mp_max FROM heros WHERE ((hp_max+mp_max) > 8000 OR hp_max > 6000) AND mp_max > 1700 ORDER BY (hp_max+mp_max) DESC;
+--------------+--------+--------+
| name         | hp_max | mp_max |
+--------------+--------+--------+
| 廉颇         |   9328 |   1708 |
| 牛魔         |   8476 |   1926 |
| 高渐离       |   6165 |   1988 |
...
| 娜可露露     |   6205 |   1808 |
| 雅典娜       |   6264 |   1732 |
| 孙尚香       |   6014 |   1756 |
+--------------+--------+--------+
23 rows in set (0.00 sec)
```

❤️当 WHERE 子句中同时出现 AND 和 OR 操作符的时候，你需要考虑到执行的先后顺序，也就是两个操作符执行的优先级。一般来说 () 优先级最高，其次优先级是 AND，然后是 OR❤️

```sql
SELECT name, hp_max, mp_max FROM heros WHERE (hp_max+mp_max) > 8000 OR hp_max > 6000 AND mp_max > 1700 ORDER BY (hp_max+mp_max) DESC;

# 为了更加清晰，建议加上括号,执行结果一样
SELECT name, hp_max, mp_max FROM heros WHERE ((hp_max+mp_max) > 8000) OR (hp_max > 6000 AND mp_max > 1700) ORDER BY (hp_max+mp_max) DESC;
```

> 👍👍查询主要定位或者次要定位是法师或是射手的英雄，同时英雄的上线时间不在 2016-01-01 到 2017-01-01 之间

```sql
SELECT name, role_main, role_assist, hp_max, mp_max, birthdate
FROM heros 
WHERE (role_main IN ('法师', '射手') OR role_assist IN ('法师', '射手')) AND DATE(birthdate) NOT BETWEEN '2016-01-01' AND '2017-01-01'
ORDER BY (hp_max + mp_max) DESC;

#----------------------------------------------------------
mysql> SELECT name, role_main, role_assist, hp_max, mp_max, birthdate
    -> FROM heros
    -> WHERE (role_main IN ('法师', '射手') OR role_assist IN ('法师', '射手')) AND DATE(birthdate) NOT BETWEEN '2016-01-01' AND '2017-01-01'
    -> ORDER BY (hp_max + mp_max) DESC;
+--------------+-----------+-------------+--------+--------+------------+
| name         | role_main | role_assist | hp_max | mp_max | birthdate  |
+--------------+-----------+-------------+--------+--------+------------+
| 张良         | 法师      | NULL        |   5799 |   1988 | 2015-10-26 |
| 貂蝉         | 法师      | 刺客        |   5611 |   1960 | 2015-12-15 |
| 干将莫邪     | 法师      | NULL        |   5583 |   1946 | 2017-05-22 |
| 周瑜         | 法师      | NULL        |   5513 |   1974 | 2015-11-10 |
| 百里守约     | 射手      | 刺客        |   5611 |   1784 | 2017-08-08 |
| 芈月         | 法师      | 坦克        |   6164 |    100 | 2015-12-08 |
+--------------+-----------+-------------+--------+--------+------------+
```

### 使用通配符进行过滤

要检索文本中包含某个词的所有数据，这里就需要使用通配符。通配符就是我们用来匹配值的一部分的特殊字符。这里我们需要使用到 `LIKE `操作符。

> 想要匹配任意字符串出现的任意次数，需要使用`（%）`通配符。比如我们想要查找英雄名中包含“太”字的英雄都有哪些：

```sql
mysql> SELECT name FROM heros WHERE name LIKE '%太%';
+--------------+
| name         |
+--------------+
| 东皇太一     |
| 太乙真人     |
+--------------+
```

想要匹配单个字符，就需要使用下划线` (_)` 通配符。`（%）`和`（_）`的区别在于，`（%）`代表一个或多个字符，而`（_）`只代表一个字符。

比如我们想要查找英雄名除了第一个字以外，包含“太”字的英雄有哪些。

```sql
mysql> SELECT name FROM heros WHERE name LIKE '_%太%';
+--------------+
| name         |
+--------------+
| 东皇太一     |
+--------------+
```



## 聚集函数

![image-20230511131146824](/images/MySQL/image-20230511131146824.png)



> 想要查询最大生命值大于 6000 的英雄数量。

```sql
mysql> SELECT COUNT(*) FROM heros WHERE hp_max > 6000;
+----------+
| COUNT(*) |
+----------+
|       41 |
+----------+
```

> 查询最大生命值大于 6000，且有次要定位的英雄数量，需要使用 COUNT 函数

```sql
SELECT COUNT(role_assist) FROM heros WHERE hp_max > 6000;
```

需要说明的是，有些英雄没有次要定位，即 role_assist 为 NULL，这时`COUNT(role_assist)`会忽略值为 NULL 的数据行，而 COUNT(*) 只是统计数据行数，不管某个字段是否为 NULL。

> 查询射手（主要定位或者次要定位是射手）的最大生命值的最大值是多少，需要使用 MAX 函数。

```sql
SELECT MAX(hp_max) FROM heros WHERE role_main = '射手' or role_assist = '射手';
```

上面的例子里，都是在一条 SELECT 语句中使用了一次聚集函数，实际上我们也可以在一条 SELECT 语句中进行多项聚集函数的查询，比如我们想知道射手（主要定位或者次要定位是射手）的英雄数、平均最大生命值、法力最大值的最大值、攻击最大值的最小值，以及这些英雄总的防御最大值等汇总数据。

```sql
mysql> SELECT COUNT(*), AVG(hp_max), MAX(mp_max), MIN(attack_max), SUM(defense_max) FROM heros WHERE role_main = '射手' or role_assist = '射手';
+----------+-------------+-------------+-----------------+------------------+
| COUNT(*) | AVG(hp_max) | MAX(mp_max) | MIN(attack_max) | SUM(defense_max) |
+----------+-------------+-------------+-----------------+------------------+
|       10 |      5798.5 |        1784 |             362 |             3333 |
+----------+-------------+-------------+-----------------+------------------+
```

需要说明的是 AVG、MAX、MIN 等聚集函数会自动忽略值为 NULL 的数据行，MAX 和 MIN 函数也可以用于字符串类型数据的统计，如果是英文字母，则按照 A—Z 的顺序排列，越往后，数值越大。如果是汉字则按照全拼拼音进行排列。比如：

```sql
mysql> SELECT MIN(CONVERT(name USING gbk)), MAX(CONVERT(name USING gbk)) FROM heros;
+------------------------------+------------------------------+
| MIN(CONVERT(name USING gbk)) | MAX(CONVERT(name USING gbk)) |
+------------------------------+------------------------------+
| 阿轲                         | 庄周                         |
+------------------------------+------------------------------+
```

需要说明的是，我们需要先把 name 字段统一转化为 gbk 类型，使用`CONVERT(name USING gbk)`，然后再使用 MIN 和 MAX 取最小值和最大值



> 可以对数据行中不同的取值进行聚集，先用 DISTINCT 函数取不同的数据，然后再使用聚集函数。比如我们想要查询不同的生命最大值的英雄数量是多少

```sql
SELECT COUNT(DISTINCT hp_max) FROM heros;
+------------------------+
| COUNT(DISTINCT hp_max) |
+------------------------+
|                     61 |
+------------------------+
1 row in set (0.00 sec)
```

实际上在 heros 这个数据表中，一共有 69 个英雄数量，生命最大值不一样的英雄数量是 61 个。

假如我们想要统计不同生命最大值英雄的平均生命最大值，保留小数点后两位。首先需要取不同生命最大值，即`DISTINCT hp_max`，然后针对它们取平均值，即`AVG(DISTINCT hp_max)`，最后再针对这个值保留小数点两位，也就是`ROUND(AVG(DISTINCT hp_max), 2)`。

```sql
mysql> SELECT ROUND(AVG(DISTINCT hp_max), 2) FROM heros;
+--------------------------------+
| ROUND(AVG(DISTINCT hp_max), 2) |
+--------------------------------+
|                        6653.84 |
+--------------------------------+
```

你能看到，如果我们不使用 DISTINCT 函数，就是对全部数据进行聚集统计。如果使用了 DISTINCT 函数，就可以对数值不同的数据进行聚集。一般我们使用 MAX 和 MIN 函数统计数据行的时候，不需要再额外使用 DISTINCT，因为使用 DISTINCT 和全部数据行进行最大值、最小值的统计结果是相等的。



## 数据分组并聚集统计👍

你能看到，如果我们不使用 DISTINCT 函数，就是对全部数据进行聚集统计。如果使用了 DISTINCT 函数，就可以对数值不同的数据进行聚集。一般我们使用 MAX 和 MIN 函数统计数据行的时候，不需要再额外使用 DISTINCT，因为使用 DISTINCT 和全部数据行进行最大值、最小值的统计结果是相等的。



> 想按照英雄的主要定位进行分组，并统计每组的英雄数量

```sql
mysql> SELECT COUNT(*) AS total, role_main FROM heros GROUP BY role_main;
+-------+-----------+
| total | role_main |
+-------+-----------+
|    10 | 坦克      |
|    18 | 战士      |
|    19 | 法师      |
|     6 | 辅助      |
|    10 | 射手      |
|     6 | 刺客      |
+-------+-----------+
```

> 如果我们想要对英雄按照次要定位进行分组，并统计每组英雄的数量。

```sql
mysql> SELECT COUNT(*) AS total, role_assist FROM heros GROUP BY role_assist;
+-------+-------------+
| total | role_assist |
+-------+-------------+
|     6 | 战士        |
|    10 | 坦克        |
|     5 | 辅助        |
|    40 | NULL        |
|     2 | 法师        |
|     6 | 刺客        |
+-------+-------------+
```

如果字段为 NULL，也会被列为一个分组。在这个查询统计中，次要定位为 NULL，即只有一个主要定位的英雄是 40 个



> 也可以使用多个字段进行分组，这就相当于把这些字段可能出现的所有的取值情况都进行分组。比如，我们想要按照英雄的主要定位、次要定位进行分组，查看这些英雄的数量，并按照这些分组的英雄数量从高到低进行排序

```sql
mysql> SELECT COUNT(*) as num, role_main, role_assist FROM heros GROUP BY role_main, role_assist ORDER BY num DESC;
+-----+-----------+-------------+
| num | role_main | role_assist |
+-----+-----------+-------------+
|  12 | 法师      | NULL        |
|   9 | 射手      | NULL        |
|   8 | 战士      | NULL        |
|   6 | 战士      | 坦克        |
|   5 | 坦克      | NULL        |
|   3 | 坦克      | 辅助        |
|   3 | 刺客      | NULL        |
|   3 | 刺客      | 战士        |
|   3 | 战士      | 刺客        |
|   3 | 辅助      | NULL        |
|   2 | 法师      | 辅助        |
|   2 | 法师      | 刺客        |
|   2 | 坦克      | 战士        |
|   2 | 辅助      | 坦克        |
|   2 | 法师      | 坦克        |
|   1 | 辅助      | 法师        |
|   1 | 法师      | 战士        |
|   1 | 战士      | 法师        |
|   1 | 射手      | 刺客        |
+-----+-----------+-------------+
```

### 使用 HAVING 过滤分组

当我们创建出很多分组的时候，有时候就需要对分组进行过滤。你可能首先会想到 WHERE 子句，实际上过滤分组我们使用的是 HAVING。HAVING 的作用和 WHERE 一样，都是起到过滤的作用，只不过 WHERE 是用于数据行，而 HAVING 则作用于分组



> 比如我们想要按照英雄的主要定位、次要定位进行分组，并且筛选分组中英雄数量大于 5 的组，最后按照分组中的英雄数量从高到低进行排序

首先我们需要获取的是英雄的数量、主要定位和次要定位，即`SELECT COUNT(*) as num, role_main, role_assist`。然后按照英雄的主要定位和次要定位进行分组，即`GROUP BY role_main, role_assist`，同时我们要对分组中的英雄数量进行筛选，选择大于 5 的分组，即`HAVING num > 5`，然后按照英雄数量从高到低进行排序，即`ORDER BY num DESC`。

```sql
mysql> SELECT COUNT(*) as num, role_main, role_assist FROM heros GROUP BY role_main, role_assist HAVING num > 5 ORDER BY num DESC;
+-----+-----------+-------------+
| num | role_main | role_assist |
+-----+-----------+-------------+
|  12 | 法师      | NULL        |
|   9 | 射手      | NULL        |
|   8 | 战士      | NULL        |
|   6 | 战士      | 坦克        |
+-----+-----------+-------------+
```

> 再来看个例子，通过这个例子查看一下 WHERE 和 HAVING 进行条件过滤的区别。筛选最大生命值大于 6000 的英雄，按照主要定位、次要定位进行分组，并且显示分组中英雄数量大于 5 的分组，按照数量从高到低进行排序

```sql
mysql> SELECT COUNT(*) as num, role_main, role_assist FROM heros WHERE hp_max > 6000 GROUP BY role_main, role_assist HAVING num > 5 ORDER BY num DESC;
+-----+-----------+-------------+
| num | role_main | role_assist |
+-----+-----------+-------------+
|   8 | 战士      | NULL        |
|   6 | 战士      | 坦克        |
+-----+-----------+-------------+
```

前面说过select的执行顺序,所以where会先过滤数据，在到分组。先增加了一个过滤条件，即筛选最大生命值大于 6000 的英雄。这里我们就需要先使用 WHERE 子句对最大生命值大于 6000 的英雄进行条件过滤，然后再使用 GROUP BY 进行分组，使用 HAVING 进行分组的条件判断，然后使用 ORDER BY 进行排序。
